{
    "group1": {
        "mean": [
            -1.7810286755122835,
            -1.1342760222904817,
            -1.2321375674943118,
            -1.3517255378280724,
            -1.2049389740769594,
            0.5025948019843093,
            0.3795247460606462,
            -0.9796472373725341,
            -1.2587855684047227
        ],
        "cov": [
            [
                0.049601585910625474,
                0.03320751887720919,
                0.02212271333200601,
                0.041944781614676435,
                0.05148143013402873,
                0.025226456088206,
                0.022857211085514,
                0.018438184392848736,
                0.007373056500913688
            ],
            [
                0.03320751887720919,
                0.061759648191812504,
                0.02822638467438709,
                0.04679534597361074,
                0.06395104008122443,
                0.029244553531047195,
                0.026401009579770054,
                0.020777095227589058,
                0.003046828228264973
            ],
            [
                0.02212271333200601,
                0.028226384674387095,
                0.04516462620124811,
                0.045159360666270895,
                0.05552759328068185,
                0.03195925571739742,
                0.028445121930553426,
                0.028865500756349163,
                0.010809678006721146
            ],
            [
                0.041944781614676435,
                0.04679534597361075,
                0.045159360666270895,
                0.25464497468859426,
                0.27114366817558544,
                0.0459598053298236,
                0.04206745853922297,
                0.016440025288490593,
                -0.012930850301049306
            ],
            [
                0.05148143013402873,
                0.06395104008122443,
                0.05552759328068186,
                0.2711436681755855,
                0.39079449833855284,
                0.06649473295282898,
                0.061058970164529054,
                0.03340863975156612,
                -0.0031861805020444783
            ],
            [
                0.025226456088206,
                0.029244553531047195,
                0.03195925571739741,
                0.0459598053298236,
                0.06649473295282898,
                0.05791542730045807,
                0.05222647953609273,
                0.044441587479674825,
                0.008896887777822276
            ],
            [
                0.022857211085514,
                0.026401009579770054,
                0.02844512193055343,
                0.04206745853922297,
                0.06105897016452904,
                0.05222647953609274,
                0.04718851076698423,
                0.03976275731748922,
                0.007507020561541281
            ],
            [
                0.01843818439284874,
                0.020777095227589054,
                0.02886550075634916,
                0.016440025288490593,
                0.03340863975156612,
                0.044441587479674825,
                0.03976275731748922,
                0.07790274813827586,
                0.06338254526019686
            ],
            [
                0.0073730565009136875,
                0.003046828228264973,
                0.010809678006721146,
                -0.012930850301049308,
                -0.0031861805020444783,
                0.008896887777822276,
                0.007507020561541281,
                0.06338254526019686,
                0.149835242641928
            ]
        ]
    },
    "group2": {
        "mean": [
            -1.2869929837805447,
            -0.7937772725969426,
            -0.8345103488486879,
            -0.7714898525185759,
            -0.4972217244059022,
            0.8132524442499469,
            0.6568583791790515,
            -1.0308989201928813,
            -1.4048969417633737
        ],
        "cov": [
            [
                0.11259976182369294,
                0.04684124143169429,
                0.046217764835414336,
                0.023267881424378543,
                0.02965762233238361,
                0.03738219262818578,
                0.032823637748570444,
                0.03970130987147179,
                0.010729676863079816
            ],
            [
                0.0468412414316943,
                0.05413109854665567,
                0.03664172083372195,
                0.016129898176339554,
                0.0228919821511395,
                0.02692796797337415,
                0.023557763940627297,
                0.02779851337812266,
                0.0027550983739736395
            ],
            [
                0.04621776483541434,
                0.03664172083372195,
                0.0868355589618928,
                0.023054479756949107,
                0.029439010953038632,
                0.043584675972681126,
                0.037592387520272254,
                0.05719978746963644,
                0.014477063380453679
            ],
            [
                0.023267881424378547,
                0.016129898176339554,
                0.023054479756949103,
                0.0345184279870698,
                0.038170002598521366,
                0.016642696869423174,
                0.014762052387215787,
                0.008650200182199828,
                -0.004598362022941562
            ],
            [
                0.02965762233238361,
                0.0228919821511395,
                0.02943901095303863,
                0.038170002598521366,
                0.05713181044803758,
                0.025005733129121174,
                0.022251370503228243,
                0.018255313412068146,
                -0.0011766661895252258
            ],
            [
                0.03738219262818578,
                0.02692796797337415,
                0.043584675972681126,
                0.016642696869423174,
                0.025005733129121174,
                0.05602339336709739,
                0.04895768145055908,
                0.06246588018541837,
                0.008451694913103247
            ],
            [
                0.032823637748570444,
                0.023557763940627297,
                0.03759238752027225,
                0.014762052387215785,
                0.022251370503228243,
                0.048957681450559086,
                0.04286682382093068,
                0.054160758390562565,
                0.006910798793842416
            ],
            [
                0.03970130987147179,
                0.02779851337812266,
                0.05719978746963645,
                0.008650200182199828,
                0.01825531341206815,
                0.06246588018541837,
                0.054160758390562565,
                0.15910514827012587,
                0.08748901529809618
            ],
            [
                0.010729676863079815,
                0.0027550983739736395,
                0.014477063380453679,
                -0.004598362022941562,
                -0.0011766661895252258,
                0.008451694913103247,
                0.006910798793842416,
                0.08748901529809618,
                0.13978167096664998
            ]
        ]
    },
    "group3": {
        "mean": [
            -1.0506588694647474,
            -0.6571959537509707,
            -0.546482008270393,
            -0.6393662690088232,
            -0.3277622692568486,
            1.0617599621382345,
            0.8715107714842325,
            -0.8814364800103955,
            -1.3512023629602814
        ],
        "cov": [
            [
                0.15129699260650048,
                0.06290700170921262,
                0.060594343749499305,
                0.010455383789000927,
                0.0218560856455904,
                0.06377149479701566,
                0.05531268720941552