{
    "story": {
        "a": [
            1,
            2,
            3
        ],
        "p": {
            "region_1": [
                0.09032258064516129,
                0.8903225806451613,
                0.01935483870967742
            ],
            "region_2": [
                0.09032258064516129,
                0.8903225806451613,
                0.01935483870967742
            ],
            "region_3": [
                0.13934426229508196,
                0.860655737704918,
                0.0
            ],
            "region_4": [
                0.08139534883720931,
                0.8976744186046511,
                0.020930232558139535
            ],
            "region_5": [
                0.06236220472440945,
                0.8922834645669291,
                0.04535433070866142
            ],
            "region_6": [
                0.06236220472440945,
                0.8922834645669291,
                0.04535433070866142
            ],
            "region_7": [
                0.5111111111111111,
                0.4777777777777778,
                0.011111111111111112
            ],
            "region_8": [
                0.4782608695652174,
                0.4782608695652174,
                0.043478260869565216
            ]
        }
    },
    "floor_area": {
        "log_ave": 4.795434569066554,
        "log_std": 0.27356281805671834
    },
    "aspect_ratio": {
        "log_ave": 0.34265303318546936,
        "log_std": 0.24512178873989865
    },
    "direction": {
        "a": [
            "n",
            "ne",
            "e",
            "se",
            "s",
            "sw",
            "w",
            "nw"
        ],
        "p": [
            0.005940594059405941,
            0.015841584158415842,
            0.0297029702970297,
            0.16435643564356436,
            0.5683168316831683,
            0.18217821782178217,
            0.01782178217821782,
            0.015841584158415842
        ]
    },
    "opening_ratio": {
        "log_ave": 2.1953682377321915,
        "log_std": 0.23210749319697407
    }
}