{
    "story": {
        "a": [
            1,
            2,
            3
        ],
        "p": {
            "group_1": [
                0.09032258064516129,
                0.8903225806451613,
                0.01935483870967742
            ],
            "group_2": [
                0.09420289855072464,
                0.8894927536231884,
                0.016304347826086956
            ],
            "group_3": [
                0.07473200612557428,
                0.8808575803981623,
                0.0444104134762634
            ],
            "group_4": [
                0.4782608695652174,
                0.4782608695652174,
                0.043478260869565216
            ]
        }
    },
    "floor_area": {
        "log_ave": 4.795434569066554,
        "log_std": 0.27356281805671834
    },
    "aspect_ratio": {
        "log_ave": 0.34265303318546936,
        "log_std": 0.24512178873989865
    },
    "direction": {
        "a": [
            "n",
            "ne",
            "e",
            "se",
            "s",
            "sw",
            "w",
            "nw"
        ],
        "p": [
            0.005940594059405941,
            0.015841584158415842,
            0.0297029702970297,
            0.16435643564356436,
            0.5683168316831683,
            0.18217821782178217,
            0.01782178217821782,
            0.015841584158415842
        ]
    },
    "opening_ratio": {
        "log_ave": 2.1953682377321915,
        "log_std": 0.23210749319697407
    }
}